"Name";"Region";"Type";"gps"
"Sevran Livry";"SEVRAN";"rer";"48,935489860864,2,53440609425408"
"Simplon";"PARIS-18EME";"metro";"48,8946326888974,2,34709106488045"
"Solférino";"PARIS-07EME";"metro";"48,8585512442859,2,32268062216292"
"Saint-Maur Créteil";"SAINT-MAUR-DES-FOSSES";"rer";"48,8062801804394,2,47211272031285"
"Saint-Rémy-lès-Chevreuse";"SAINT-REMY-LES-CHEVREUSE";"rer";"48,7030674560445,2,07107449147842"
"Stalingrad";"PARIS-19EME";"metro";"48,8843047899152,2,36708501453572"
"Strasbourg-Saint-Denis";"PARIS-02EME";"metro";"48,8691997061607,2,35409710592864"
"Sucy Bonneuil";"SUCY-EN-BRIE";"rer";"48,7711274129549,2,50784465806546"
"Sully-Morland";"PARIS-04EME";"metro";"48,8510338403896,2,36186696356924"
"Ségur";"PARIS-15EME";"metro";"48,8467524550776,2,30782041849586"
"Sèvres-Babylone";"PARIS-07EME";"metro";"48,8512043552606,2,32587286292213"
"Sèvres-Lecourbe";"PARIS-15EME";"metro";"48,8451307700065,2,31018390371145"
"Temple";"PARIS-03EME";"metro";"48,8663687823143,2,36108072227889"
"Ternes";"PARIS-17EME";"metro";"48,8780661989514,2,29803071310238"
"Tolbiac";"PARIS-13EME";"metro";"48,8265068985468,2,35724192785828"
"Torcy";"TORCY";"rer";"48,8395400090998,2,65576579751211"
"Trinité-d'Estienne d'Orves";"PARIS-09EME";"metro";"48,87650879316,2,33305807671909"
"Trocadéro";"PARIS-16EME";"metro";"48,8629708361397,2,28701984351505"
"Tuileries";"PARIS-01ER";"metro";"48,8644970966975,2,33031418026416"
"Val de Fontenay";"FONTENAY-SOUS-BOIS";"rer";"48,8533286104541,2,48744322581996"
"Vaneau";"PARIS-07EME";"metro";"48,848871662506,2,32193434751113"
"Varenne";"PARIS-07EME";"metro";"48,8575166012889,2,31553023354222"
"Vaugirard (Adolphe Chérioux)";"PARIS-15EME";"metro";"48,8395680331036,2,30098263992498"
"Vavin";"PARIS-06EME";"metro";"48,8420036541946,2,32900321886739"
"Vert-Galant";"VILLEPINTE";"rer";"48,9445537914919,2,56669334472848"
"Victor Hugo";"PARIS-16EME";"metro";"48,8696716618644,2,28526726839526"
"Villejuif-Louis Aragon";"VILLEJUIF";"metro";"48,7870020157205,2,36697471484243"
"Villejuif-Léo Lagrange";"VILLEJUIF";"metro";"48,8041740664156,2,36394352657996"
"Villejuif-Paul Vaillant Couturier (Hôpital Paul Brousse)";"VILLEJUIF";"metro";"48,7959447270881,2,3679661373898"
"Villeparisis";"VILLEPARISIS";"rer";"48,9533769290525,2,60230661461914"
"Villepinte";"VILLEPINTE";"rer";"48,9627184386276,2,51220888008433"
"Villiers";"PARIS-17EME";"metro";"48,8810543983371,2,31527055050207"
"Vincennes";"VINCENNES";"rer";"48,8472269351,2,43106661912721"
"Volontaires";"PARIS-15EME";"metro";"48,8416970273909,2,30804114557479"
"Voltaire (Léon Blum)";"PARIS-11EME";"metro";"48,8578758428685,2,37988391957515"
"Wagram";"PARIS-17EME";"metro";"48,8838739610152,2,30465144209881"
"Ranelagh";"PARIS-16EME";"metro";"48,8553920307943,2,26997975035107"
"Raspail";"PARIS-14EME";"metro";"48,8389637143162,2,33058309684112"
"Rennes";"PARIS-06EME";"metro";"48,8480544328681,2,32808305123987"
"Reuilly-Diderot";"PARIS-12EME";"metro";"48,8472381327386,2,38611818658013"
"Richard-Lenoir";"PARIS-11EME";"metro";"48,8608927535125,2,3720977804711"
"Richelieu-Drouot";"PARIS-09EME";"metro";"48,8720139171377,2,33908809977413"
"Riquet";"PARIS-19EME";"metro";"48,8881235581407,2,37448742568144"
"Robespierre";"MONTREUIL";"metro";"48,85556400483,2,42355673885079"
"Robinson";"SCEAUX";"rer";"48,7803728780303,2,28117460658218"
"Aeroport Charles de Gaulle 1";"ROISSY-EN-FRANCE";"rer";"49,0109621281008,2,56323130621894"
"Rome";"PARIS-17EME";"metro";"48,8825292240735,2,32098414419979"
"Grands Boulevards";"PARIS-09EME";"metro";"48,8714189078646,2,34319701021722"
"Rue de la Pompe (Avenue Georges Mandel)";"PARIS-16EME";"metro";"48,8641004131627,2,27762632943271"
"Rue des Boulets";"PARIS-11EME";"metro";"48,8521417733756,2,38914280457034"
"Rue du Bac";"PARIS-07EME";"metro";"48,8557564721823,2,32556882179391"
"Rueil-Malmaison";"RUEIL-MALMAISON";"rer";"48,8872296169075,2,1709148202125"
"Réaumur-Sébastopol";"PARIS-02EME";"metro";"48,8663118301881,2,35203525525425"
"République";"PARIS-11EME";"metro";"48,8674860390566,2,36366959820676"
"Saint-Ambroise";"PARIS-11EME";"metro";"48,8612121032505,2,37409760383489"
"Saint-Augustin";"PARIS-08EME";"metro";"48,8746742716311,2,32043139650991"
"Saint-Fargeau";"PARIS-20EME";"metro";"48,871951099492,2,40485763553065"
"Saint-Francois-Xavier";"PARIS-07EME";"metro";"48,8518632147979,2,31403452688812"
"Saint-Georges";"PARIS-09EME";"metro";"48,8785085363002,2,33758851215148"
"Saint-Germain des Prés";"PARIS-06EME";"metro";"48,8535055897077,2,3323721632208"
"Saint-Jacques";"PARIS-14EME";"metro";"48,8332522883745,2,33622001540028"
"Saint-Lazare";"PARIS-08EME";"metro";"48,875577868864,2,32618565855206"
"Saint-Mandé";"SAINT-MANDE";"metro";"48,8462977572576,2,41867310093048"
"Saint-Marcel";"PARIS-13EME";"metro";"48,8395141857768,2,36140877914038"
"Rue Saint-Maur";"PARIS-11EME";"metro";"48,8639878079442,2,3800732957954"
"Saint-Michel";"PARIS-05EME";"metro";"48,8532875817267,2,34346845196892"
"Saint-Paul (Le Marais)";"PARIS-04EME";"metro";"48,8551436006388,2,36065335403361"
"Saint-Philippe du Roule";"PARIS-08EME";"metro";"48,872179820349,2,3098200942609"
"Saint-Placide";"PARIS-06EME";"metro";"48,8465803886283,2,32693263560201"
"Saint-Sulpice";"PARIS-06EME";"metro";"48,8508047851976,2,33086756439724"
"Saint-Sébastien-Froissart";"PARIS-03EME";"metro";"48,8612805878047,2,36702409525746"
"Sartrouville";"SARTROUVILLE";"rer";"48,9378534765331,2,15720072542412"
"Sceaux";"SCEAUX";"rer";"48,7814354425141,2,29720152282349"
"Sentier";"PARIS-02EME";"metro";"48,8674133308826,2,3466136387446"
"Sevran-Beaudottes";"SEVRAN";"rer";"48,9474757538649,2,52483268474858"
"Plaisance";"PARIS-14EME";"metro";"48,8317625860832,2,31406734480211"
"Poissonnière";"PARIS-10EME";"metro";"48,8773395505122,2,34960623902438"
"Poissy";"POISSY";"rer";"48,932949587432,2,04150758378684"
"Pont de Levallois-Bécon";"LEVALLOIS-PERRET";"metro";"48,8971187551468,2,28048941733931"
"Pont de Neuilly";"NEUILLY-SUR-SEINE";"metro";"48,8845093796136,2,25989172465632"
"Pont de Sèvres";"BOULOGNE-BILLANCOURT";"metro";"48,8295929841028,2,23025364790437"
"Pont Marie (Cité des Arts)";"PARIS-04EME";"metro";"48,8533107454827,2,35745881597611"
"Pont Neuf";"PARIS-01ER";"metro";"48,8584022527723,2,3419492358926"
"Port Royal";"PARIS-05EME";"rer";"48,8389863698281,2,3370368298491"
"Porte Dauphine (Maréchal de Lattre de Tassigny)";"PARIS-16EME";"metro";"48,8716448024995,2,2766480745793"
"Porte Dorée";"PARIS-12EME";"metro";"48,8354388891914,2,40601835314784"
"Porte Maillot";"PARIS-17EME";"metro";"48,877964502968,2,28183617255428"
"Porte d'Auteuil";"PARIS-16EME";"metro";"48,8480737822689,2,25864782719393"
"Porte d'Italie";"PARIS-13EME";"metro";"48,8189346110715,2,35985580265649"
"Porte d'Ivry";"PARIS-13EME";"metro";"48,8212704977679,2,36909494392435"
"Porte d'Orléans (Général Leclerc)";"PARIS-14EME";"metro";"48,8226012875276,2,3248055530705"
"Porte de Bagnolet";"PARIS-20EME";"metro";"48,8643963044636,2,40799995272687"
"Porte de Champerret";"PARIS-17EME";"metro";"48,8855507197361,2,29274204089586"
"Porte de Charenton";"PARIS-12EME";"metro";"48,8325258939597,2,39970109937032"
"Porte de Choisy";"PARIS-13EME";"metro";"48,8201452157747,2,36434644526859"
"Porte de Clichy";"PARIS-17EME";"metro";"48,8943611607739,2,31373834333066"
"Porte de Clignancourt";"PARIS-18EME";"metro";"48,8972870603971,2,34477887737988"
"Porte de Montreuil";"PARIS-20EME";"metro";"48,8534495044418,2,41043444867178"
"Porte de Pantin";"PARIS-19EME";"metro";"48,8883327364608,2,39146861403051"
"Porte de Saint-Cloud";"PARIS-16EME";"metro";"48,837888387008,2,25680251499642"
"Porte de Saint-Ouen";"PARIS-18EME";"metro";"48,8972510523147,2,32883766969025"
"Porte de Vanves";"PARIS-14EME";"metro";"48,8276756893336,2,30534014881766"
"Porte de Versailles";"PARIS-15EME";"metro";"48,8324619819728,2,28800279639373"
"Porte de Vincennes";"PARIS-20EME";"metro";"48,8472657113718,2,40888352534985"
"Porte de la Chapelle";"PARIS-18EME";"metro";"48,8980716716703,2,35909154194382"
"Porte de la Villette";"PARIS-19EME";"metro";"48,8978102191863,2,38580611322135"
"Porte des Lilas";"PARIS-20EME";"metro";"48,8770699909204,2,40638582299454"
"Pré-Saint-Gervais";"PARIS-19EME";"metro";"48,8799349564117,2,39907689689178"
"Pyramides";"PARIS-01ER";"metro";"48,8669463020695,2,33366506577888"
"Péreire";"PARIS-17EME";"metro";"48,8845503317922,2,29751704870328"
"Père-Lachaise";"PARIS-11EME";"metro";"48,8626131584417,2,38672181193918"
"Quai de la Gare";"PARIS-13EME";"metro";"48,8373989542089,2,37378388489769"
"Quai de la Rapée";"PARIS-12EME";"metro";"48,8457951983436,2,36703563413483"
"Quatre Septembre";"PARIS-02EME";"metro";"48,8693729306069,2,33574247484458"
"Rambuteau";"PARIS-04EME";"metro";"48,8614000355035,2,35350496222254"
"Mirabeau";"PARIS-16EME";"metro";"48,8473396420235,2,27340595971174"
"Miromesnil";"PARIS-08EME";"metro";"48,8737063841262,2,31519918493339"
"Mitry-Claye";"MITRY-MORY";"rer";"48,9759542168085,2,64254434990252"
"Monceau";"PARIS-08EME";"metro";"48,8806306676395,2,30896624223491"
"Montgallet";"PARIS-12EME";"metro";"48,8442504626131,2,38980213751236"
"Montparnasse-Bienvenue";"PARIS-14EME";"metro";"48,8430428506553,2,32263505110255"
"Mouton-Duvernet";"PARIS-14EME";"metro";"48,8313196995984,2,32942693483694"
"Ménilmontant";"PARIS-11EME";"metro";"48,8659488111593,2,38339427851543"
"Nanterre-Préfecture";"NANTERRE";"rer";"48,8953636025288,2,22340084401069"
"Nanterre-Université";"NANTERRE";"rer";"48,9012605332833,2,21568588975438"
"Nanterre-Ville";"NANTERRE";"rer";"48,8952591631622,2,19580884648601"
"Nation";"PARIS-12EME";"metro";"48,8484657508529,2,39590574441446"
"Nation";"PARIS-12EME";"rer";"48,8483471797456,2,39594992268219"
"Nationale";"PARIS-13EME";"metro";"48,8327104551183,2,36204546183122"
"Neuilly-Plaisance";"NEUILLY-PLAISANCE";"rer";"48,8533527868298,2,51352194233088"
"Nogent-sur-Marne";"NOGENT-SUR-MARNE";"rer";"48,8349751721145,2,47216551811292"
"Noisiel";"NOISIEL";"rer";"48,8434939490491,2,61662827549023"
"Noisy-Champs";"NOISY-LE-GRAND";"rer";"48,8426615529109,2,5780118918472"
"Noisy-le-Grand (Mont d'Est)";"NOISY-LE-GRAND";"rer";"48,8411187758474,2,54793586078871"
"Notre-Dame de Lorette";"PARIS-09EME";"metro";"48,8766256956919,2,33845371043763"
"Notre-Dame des Champs";"PARIS-06EME";"metro";"48,8449178498434,2,32885296806704"
"Oberkampf";"PARIS-11EME";"metro";"48,8645156235565,2,36867423637139"
"Odéon";"PARIS-06EME";"metro";"48,8522489360673,2,33855755823025"
"Opéra";"PARIS-09EME";"metro";"48,8707029411588,2,33180515640395"
"Orsay-Ville";"ORSAY";"rer";"48,6975300700721,2,18236510671545"
"Ourcq";"PARIS-19EME";"metro";"48,8869750224324,2,38602958795457"
"Palais-Royal (Musée du Louvre)";"PARIS-01ER";"metro";"48,8628468217405,2,33581661155912"
"Palaiseau";"PALAISEAU";"rer";"48,7179912720136,2,24646053615073"
"Palaiseau Villebon";"PALAISEAU";"rer";"48,7079438633038,2,23736509678945"
"Parc des Expositions";"VILLEPINTE";"rer";"48,97363401251,2,51436168423185"
"Parc de Sceaux";"ANTONY";"rer";"48,770658015939,2,31031788911288"
"Parmentier";"PARIS-11EME";"metro";"48,8651606067898,2,37584679468414"
"Passy";"PARIS-16EME";"metro";"48,8576333212361,2,28586501138629"
"Pasteur";"PARIS-15EME";"metro";"48,8429383503106,2,31265644504969"
"Pelleport";"PARIS-20EME";"metro";"48,868519874537,2,40135199013901"
"Pernéty";"PARIS-14EME";"metro";"48,8338169001883,2,31766395823272"
"Philippe Auguste";"PARIS-11EME";"metro";"48,8583654720925,2,38938739145325"
"Picpus";"PARIS-12EME";"metro";"48,8452604478542,2,40125516453104"
"Pierre et Marie Curie";"IVRY-SUR-SEINE";"metro";"48,8156836605119,2,3772866229916"
"Pigalle";"PARIS-18EME";"metro";"48,882561788738,2,3377861287237"
"Place Monge (Jardin des Plantes)";"PARIS-05EME";"metro";"48,8431960998294,2,35217845099659"
"Place d'Italie";"PARIS-13EME";"metro";"48,8314061535553,2,35572137338498"
"Place de Clichy";"PARIS-09EME";"metro";"48,8836233668978,2,32730682210252"
"Place des Fêtes";"PARIS-19EME";"metro";"48,8768191471423,2,39347313514395"
"Le Kremlin-Bicêtre";"LE KREMLIN-BICETRE";"metro";"48,8103806352167,2,36161295005801"
"Le Parc de Saint-Maur";"SAINT-MAUR-DES-FOSSES";"rer";"48,805095526587,2,48575027055873"
"Le Peletier";"PARIS-09EME";"metro";"48,8749360634737,2,33980253815072"
"Ledru-Rollin";"PARIS-12EME";"metro";"48,8511941201646,2,37594535235887"
"Les Baconnets";"ANTONY";"rer";"48,7394976208092,2,28732714443584"
"Les Gobelins";"PARIS-13EME";"metro";"48,8366105352574,2,35164217355525"
"Les Halles";"PARIS-01ER";"metro";"48,8621947214515,2,34583626729206"
"Les Sablons (Jardin d'acclimatation)";"NEUILLY-SUR-SEINE";"metro";"48,880901799077,2,27253908542214"
"Liberté";"CHARENTON-LE-PONT";"metro";"48,8258380803412,2,40692557800906"
"Liège";"PARIS-08EME";"metro";"48,8795640572124,2,32651728518985"
"Lognes";"LOGNES";"rer";"48,8390665706901,2,63376007764926"
"Louis Blanc";"PARIS-10EME";"metro";"48,8810261029957,2,3655569576092"
"Louise Michel";"LEVALLOIS-PERRET";"metro";"48,8888292427619,2,28813731087893"
"Lourmel";"PARIS-15EME";"metro";"48,8384881095778,2,28175852328733"
"Louvre-Rivoli";"PARIS-01ER";"metro";"48,8605382946574,2,34100049025543"
"Lozère";"PALAISEAU";"rer";"48,7062113003843,2,21133414998585"
"Luxembourg";"PARIS-05EME";"rer";"48,8459336877987,2,34061361172087"
"Mabillon";"PARIS-06EME";"metro";"48,8528181349058,2,33540928887416"
"Madeleine";"PARIS-08EME";"metro";"48,8700643517776,2,32516370025939"
"Mairie d'Issy";"ISSY-LES-MOULINEAUX";"metro";"48,8248138108686,2,27350399984748"
"Mairie d'Ivry";"IVRY-SUR-SEINE";"metro";"48,8111784269088,2,3838082733405"
"Mairie de Clichy";"CLICHY";"metro";"48,9036594416322,2,30556600125528"
"Mairie de Montreuil";"MONTREUIL";"metro";"48,8623601850863,2,44165620310216"
"Mairie de Saint-Ouen";"SAINT-OUEN";"metro";"48,9120620157054,2,334163015407"
"Mairie des Lilas";"LES LILAS";"metro";"48,8797989953663,2,41623893515656"
"Maison Blanche";"PARIS-13EME";"metro";"48,8226203194274,2,35818867672494"
"Maisons-Laffitte";"MAISONS-LAFFITTE";"rer";"48,9457774568645,2,14417081726773"
"Malesherbes";"PARIS-17EME";"metro";"48,8828147397743,2,30969409432085"
"Marcadet-Poissonniers";"PARIS-18EME";"metro";"48,8908769929214,2,34983707163005"
"Marcel Sembat";"BOULOGNE-BILLANCOURT";"metro";"48,8339143012262,2,24408138767048"
"Marne-la-Vallée Chessy";"CHESSY";"rer";"48,8714327360736,2,78308875356856"
"Marx-Dormoy";"PARIS-18EME";"metro";"48,8903020649568,2,36020584275635"
"Massy-Palaiseau";"MASSY";"rer";"48,7244896946069,2,25881199978123"
"Massy-Verrières";"MASSY";"rer";"48,7349219316976,2,27344437083096"
"Maubert-Mutualité";"PARIS-05EME";"metro";"48,8499086729718,2,34850342965801"
"Michel Bizot";"PARIS-12EME";"metro";"48,8367033669768,2,40296916074156"
"Michel-Ange-Auteuil";"PARIS-16EME";"metro";"48,8477403459598,2,2642974417474"
"Michel-Ange-Molitor";"PARIS-16EME";"metro";"48,844867436543,2,26204786419272"
"Gare d'Austerlitz";"PARIS-13EME";"metro";"48,8431055832182,2,36431304776095"
"Gare de Lyon";"PARIS-12EME";"metro";"48,8447045447661,2,37406590796834"
"Gare de Lyon";"PARIS-12EME";"rer";"48,844757269576,2,37407229997982"
"Gare de l'Est (Verdun)";"PARIS-10EME";"metro";"48,8760613055252,2,35791867724751"
"Gare du Nord";"PARIS-10EME";"metro";"48,8799654432891,2,35470307836603"
"Gare du Nord";"PARIS-10EME";"rer";"48,8800360157373,2,35454912540286"
"Garibaldi";"SAINT-OUEN";"metro";"48,9060316197727,2,33173327604333"
"Gentilly";"GENTILLY";"rer";"48,815573502265,2,340738666424"
"George V";"PARIS-08EME";"metro";"48,8719825731694,2,30046268343343"
"Gif-sur-Yvette";"GIF-SUR-YVETTE";"rer";"48,6985407790816,2,13695473827724"
"Glacière";"PARIS-13EME";"metro";"48,8313647071449,2,34393889430969"
"Goncourt (Hôpital Saint-Louis)";"PARIS-10EME";"metro";"48,8696803933807,2,3712726500969"
"La Défense (Grande Arche)";"PUTEAUX";"metro";"48,8919344692345,2,23788279833084"
"Guy-Môquet";"PARIS-18EME";"metro";"48,8924675161233,2,32722675495985"
"Havre-Caumartin";"PARIS-09EME";"metro";"48,8733427700542,2,3285077502868"
"Hoche";"PANTIN";"metro";"48,89131656361,2,4031974142363"
"Houilles Carrières-sur-Seine";"HOUILLES";"rer";"48,9205654395172,2,18501201400329"
"Hôtel de Ville";"PARIS-04EME";"metro";"48,8567695272423,2,35149453979435"
"Invalides";"PARIS-07EME";"metro";"48,8616865404563,2,31435704324728"
"Iéna";"PARIS-16EME";"metro";"48,8644728971468,2,29379995911415"
"Jacques-Bonsergent";"PARIS-10EME";"metro";"48,8709749040173,2,36053788394075"
"Jasmin";"PARIS-16EME";"metro";"48,8523396005309,2,26790681383725"
"Jaurès";"PARIS-19EME";"metro";"48,8825437461168,2,37023181919226"
"Javel-André-Citroen";"PARIS-15EME";"metro";"48,8461034637876,2,27845497841475"
"Joinville-le-Pont";"JOINVILLE-LE-PONT";"rer";"48,8210036989683,2,46386201370801"
"Jourdain";"PARIS-20EME";"metro";"48,8751674276782,2,38919309981893"
"Jules Joffrin";"PARIS-18EME";"metro";"48,8924519921638,2,34446469630622"
"Jussieu";"PARIS-05EME";"metro";"48,8458380895278,2,35469159842714"
"Kléber";"PARIS-16EME";"metro";"48,8710948130145,2,29307915421584"
"La Chapelle";"PARIS-10EME";"metro";"48,8839663987791,2,35849962591676"
"La Courneuve-8-Mai-1945";"LA COURNEUVE";"metro";"48,9209043594324,2,41045542691904"
"La Croix-de-Berny";"ANTONY";"rer";"48,7619694674283,2,30410934209306"
"La Défense (Grande Arche)";"PUTEAUX";"rer";"48,8918864543149,2,23778294157316"
"La Fourche";"PARIS-17EME";"metro";"48,8873918956469,2,32603867708385"
"La Hacquinière";"BURES-SUR-YVETTE";"rer";"48,6949629337936,2,15338410493974"
"La Motte-Picquet-Grenelle";"PARIS-15EME";"metro";"48,8491605024288,2,29794929910712"
"La Muette";"PARIS-16EME";"metro";"48,8579377398982,2,27411706697758"
"La Plaine-Stade de France";"SAINT-DENIS";"rer";"48,917766296082,2,3617043556853"
"La Varenne-Chennevières";"SAINT-MAUR-DES-FOSSES";"rer";"48,7948325765358,2,51291857633747"
"Lamarck-Caulaincourt";"PARIS-18EME";"metro";"48,8897560451806,2,33889013654466"
"Laplace";"ARCUEIL";"rer";"48,807924912672,2,3334990531545"
"Laumière";"PARIS-19EME";"metro";"48,8850422341423,2,37959555319814"
"Le Bourget";"LE BOURGET";"rer";"48,9308927557322,2,42587143446615"
"Le Guichet";"ORSAY";"rer";"48,7047418078257,2,1917819885305"
"Concorde";"PARIS-08EME";"metro";"48,8661829960462,2,32329987838179"
"Convention";"PARIS-15EME";"metro";"48,8374696207371,2,29689958279762"
"Corentin-Cariou";"PARIS-19EME";"metro";"48,8949061258374,2,38244550268222"
"Corentin-Celton";"ISSY-LES-MOULINEAUX";"metro";"48,8272434444069,2,27930670368976"
"Corvisart";"PARIS-13EME";"metro";"48,8296116848646,2,34943832730731"
"Courcelle-sur-Yvette";"GIF-SUR-YVETTE";"rer";"48,7002331731339,2,09936095415186"
"Courcelles";"PARIS-08EME";"metro";"48,8792362487704,2,30360515293852"
"Couronnes";"PARIS-11EME";"metro";"48,8689698757764,2,379868518699"
"Crimée";"PARIS-19EME";"metro";"48,8906811625612,2,37681528901738"
"Croix-de-Chavaux (Jacques Duclos)";"MONTREUIL";"metro";"48,8579269412394,2,43609830308268"
"Créteil-L'Echat (Hôpital Henri Mondor)";"CRETEIL";"metro";"48,7964623870188,2,44906187102647"
"Créteil-Préfecture (Hôtel de Ville)";"CRETEIL";"metro";"48,7797484034104,2,45914426746537"
"Créteil-Université";"CRETEIL";"metro";"48,7893506910917,2,45144739751129"
"Danube";"PARIS-19EME";"metro";"48,8820231366362,2,39270205235331"
"Daumesnil (Félix Eboué)";"PARIS-12EME";"metro";"48,8393629125482,2,39584590805199"
"Denfert-Rochereau";"PARIS-14EME";"metro";"48,8335919035577,2,33189346001924"
"Denfert-Rochereau";"PARIS-14EME";"rer";"48,8335919035577,2,33189346001924"
"Drancy";"DRANCY";"rer";"48,9329703064405,2,45518777598418"
"Dugommier";"PARIS-12EME";"metro";"48,8389122332307,2,38895257216093"
"Dupleix";"PARIS-15EME";"metro";"48,8508056365633,2,29276958714394"
"Duroc";"PARIS-07EME";"metro";"48,8467835319339,2,31672285703746"
"Ecole Militaire";"PARIS-07EME";"metro";"48,8545185488095,2,30554381574733"
"Edgar-Quinet";"PARIS-14EME";"metro";"48,8403339877984,2,3261713916465"
"Eglise d'Auteuil";"PARIS-16EME";"metro";"48,8471813581933,2,26890098784783"
"Eglise de Pantin";"PANTIN";"metro";"48,8931139820403,2,4132856807878"
"Esplanade de la Défense";"PUTEAUX";"metro";"48,8878431218385,2,25044232471912"
"Etienne Marcel";"PARIS-01ER";"metro";"48,8634946589771,2,34866984004444"
"Europe";"PARIS-08EME";"metro";"48,8787098768874,2,32282484061213"
"Exelmans";"PARIS-16EME";"metro";"48,8424273376123,2,25973661579866"
"Faidherbe-Chaligny";"PARIS-11EME";"metro";"48,8502384503522,2,3842745805324"
"Falguière";"PARIS-15EME";"metro";"48,844637894177,2,31749646866691"
"Filles du Calvaire";"PARIS-03EME";"metro";"48,8633028923386,2,36645313804373"
"Fontaine-Michalon";"ANTONY";"rer";"48,7437886832867,2,29698589922482"
"Fontenay-aux-Roses";"FONTENAY-AUX-ROSES";"rer";"48,7877115245683,2,29164025123294"
"Fontenay-sous-Bois";"FONTENAY-SOUS-BOIS";"rer";"48,8437625064903,2,46465286127281"
"Fort d'Aubervilliers";"AUBERVILLIERS";"metro";"48,9146921997335,2,40417710143886"
"Franklin-Roosevelt";"PARIS-08EME";"metro";"48,8693052290337,2,30830876470644"
"Félix Faure";"PARIS-15EME";"metro";"48,8429772288923,2,29199788824605"
"Gaité";"PARIS-14EME";"metro";"48,8384911503461,2,32258277982791"
"Gallieni (Parc de Bagnolet)";"BAGNOLET";"metro";"48,8633345779424,2,41568260426712"
"Gambetta";"PARIS-20EME";"metro";"48,8648347782704,2,39846223866212"
"Bourse";"PARIS-02EME";"metro";"48,8687976838596,2,34123268333609"
"Brochant";"PARIS-17EME";"metro";"48,8903794211931,2,32002765158099"
"Bry-sur-Marne";"BRY-SUR-MARNE";"rer";"48,844336863334,2,52618908361756"
"Bréguet-Sabin";"PARIS-11EME";"metro";"48,8565162145681,2,3709371333348"
"Bures-sur-Yvette";"BURES-SUR-YVETTE";"rer";"48,6959214088611,2,16311619600879"
"Bussy-Saint-Georges";"BUSSY-SAINT-GEORGES";"rer";"48,8368591172941,2,70933817857896"
"Buttes-Chaumont";"PARIS-19EME";"metro";"48,8777769835483,2,38112931956877"
"Buzenval";"PARIS-20EME";"metro";"48,8517360615634,2,40102482535231"
"Bérault";"VINCENNES";"metro";"48,8453342425325,2,42923849792977"
"Cadet";"PARIS-09EME";"metro";"48,875475187116,2,34305895381275"
"Cambronne";"PARIS-15EME";"metro";"48,8474563362776,2,30180780419231"
"Campo-Formio";"PARIS-13EME";"metro";"48,8357759721732,2,35815314107711"
"Cardinal-Lemoine";"PARIS-05EME";"metro";"48,8463912485782,2,35147807315592"
"Censier-Daubenton";"PARIS-05EME";"metro";"48,8405358795008,2,35142881208972"
"Champigny";"SAINT-MAUR-DES-FOSSES";"rer";"48,8069335508721,2,51014171730796"
"Champs-Elysées-Clémenceau";"PARIS-08EME";"metro";"48,8674114214171,2,31395945009909"
"Chardon-Lagache";"PARIS-16EME";"metro";"48,8447174018404,2,26654168725371"
"Charenton-Ecoles";"CHARENTON-LE-PONT";"metro";"48,8213638104296,2,41407434683562"
"Charles Michels";"PARIS-15EME";"metro";"48,8463362741362,2,28633238561987"
"Charles de Gaulle-Etoile";"PARIS-08EME";"metro";"48,8744076036605,2,29576268419708"
"Charles de Gaulle-Etoile";"PARIS-17EME";"rer";"48,8740492791887,2,2948251383744"
"Charonne";"PARIS-11EME";"metro";"48,8547662371484,2,38527064782"
"Chatou-Croissy";"CHATOU";"rer";"48,8852963322756,2,15514835431857"
"Chaussée d'Antin (La Fayette)";"PARIS-09EME";"metro";"48,8728970365659,2,33350116136944"
"Chemin Vert";"PARIS-03EME";"metro";"48,8575640614859,2,36793452563335"
"Chevaleret";"PARIS-13EME";"metro";"48,8344079354527,2,36716524071823"
"Château Rouge";"PARIS-18EME";"metro";"48,8871760670966,2,34982663344309"
"Château d'Eau";"PARIS-10EME";"metro";"48,8725890109106,2,35547036877069"
"Château de Vincennes";"VINCENNES";"metro";"48,8445363116503,2,43950970545674"
"Château Landon";"PARIS-10EME";"metro";"48,8783126784077,2,36229890860251"
"Châtelet";"PARIS-01ER";"metro";"48,8585195221426,2,34711940104787"
"Chatelet-Les Halles";"PARIS-01ER";"rer";"48,8611491276514,2,34663294001898"
"Châtillon Montrouge";"CHATILLON";"metro";"48,8103147675511,2,30124802198432"
"Cité";"PARIS-04EME";"metro";"48,8553252686098,2,34676127455481"
"Cité Universitaire";"PARIS-14EME";"rer";"48,8199505116218,2,34098394909947"
"Colonel Fabien";"PARIS-10EME";"metro";"48,8779422921331,2,37014713779616"
"Commerce";"PARIS-15EME";"metro";"48,844811191807,2,29335345012085"
"Abbesses";"PARIS-18EME";"metro";"48,8844176451841,2,33871281165883"
"Alexandre-Dumas";"PARIS-11EME";"metro";"48,8561744489676,2,3949898158233"
"Alma-Marceau";"PARIS-16EME";"metro";"48,864646030374,2,30088336611739"
"Alésia";"PARIS-14EME";"metro";"48,828398514348,2,32674567371924"
"Anatole-France";"LEVALLOIS-PERRET";"metro";"48,8924723754181,2,285373878396"
"Antony";"ANTONY";"rer";"48,7550073109313,2,30120477822829"
"Anvers";"PARIS-18EME";"metro";"48,8831322902739,2,34397282520569"
"Arcueil-Cachan";"CACHAN";"rer";"48,7989637452115,2,3278264234916"
"Argentine";"PARIS-17EME";"metro";"48,875533092935,2,2893216639617"
"Arts-et-Métiers";"PARIS-03EME";"metro";"48,8652929436681,2,35637778086357"
"Assemblée Nationale";"PARIS-07EME";"metro";"48,8608996859822,2,32063223734412"
"Auber";"PARIS-09EME";"rer";"48,8728028700557,2,32979761381796"
"La Courneuve-Aubervilliers";"AUBERVILLIERS";"rer";"48,9238525992585,2,38450960818788"
"Aubervilliers Pantin (4 Chemins)";"AUBERVILLIERS";"metro";"48,9038299162483,2,3920219501423"
"Aulnay-sous-Bois";"AULNAY-SOUS-BOIS";"rer";"48,9317306484123,2,49378581597791"
"Avenue Emile-Zola";"PARIS-15EME";"metro";"48,8469642745973,2,29493807524416"
"Avron";"PARIS-11EME";"metro";"48,8509782113622,2,39798013009568"
"Bagneux";"CACHAN";"rer";"48,7935073907561,2,32113446607002"
"Balard";"PARIS-15EME";"metro";"48,8362754634973,2,27821832700082"
"Barbès-Rochechouart";"PARIS-09EME";"metro";"48,8836207315381,2,34973719426844"
"Bastille";"PARIS-04EME";"metro";"48,8528417309667,2,36918060506559"
"Bel-Air";"PARIS-12EME";"metro";"48,8418961421244,2,4012056266054"
"Belleville";"PARIS-19EME";"metro";"48,8720416038719,2,37680560769061"
"Bercy";"PARIS-12EME";"metro";"48,8404280893475,2,37958296880394"
"Billancourt";"BOULOGNE-BILLANCOURT";"metro";"48,8319437593265,2,23810999708736"
"Bir-Hakeim (Grenelle)";"PARIS-15EME";"metro";"48,8543331583289,2,28878285580131"
"Blanc-Mesnil";"LE BLANC-MESNIL";"rer";"48,9323172871593,2,47732406230433"
"Blanche";"PARIS-18EME";"metro";"48,8836536085134,2,33166752315741"
"Bobigny-Pablo-Picasso";"BOBIGNY";"metro";"48,9069699444265,2,44962071744124"
"Bobigny-Pantin (Raymond Queneau)";"BOBIGNY";"metro";"48,8952689905167,2,42480187771966"
"Boissière";"PARIS-16EME";"metro";"48,8670270457182,2,29047384540453"
"Boissy-Saint-Léger";"BOISSY-SAINT-LEGER";"rer";"48,75310090772,2,50525718810179"
"Bolivar";"PARIS-19EME";"metro";"48,8805834299155,2,37397783298056"
"Bonne Nouvelle";"PARIS-09EME";"metro";"48,8705587205312,2,34867956971335"
"Botzaris";"PARIS-19EME";"metro";"48,8793377265439,2,38873399145736"
"Boucicaut";"PARIS-15EME";"metro";"48,8412408953716,2,28763431751091"
"Boulogne-Jean-Jaurès";"BOULOGNE-BILLANCOURT";"metro";"48,8422216612984,2,23883585019659"
"Boulogne Pont de Saint-Cloud";"BOULOGNE-BILLANCOURT";"metro";"48,8407983648071,2,22821129036702"
"Bourg-la-Reine";"BOURG-LA-REINE";"rer";"48,7801183311519,2,31227819045007"
"Funiculaire Gare basse";"PARIS-18EME";"metro";"48,8844354700414,2,34340064272908"
"Funiculaire Gare haute";"PARIS-18EME";"metro";"48,8856217864643,2,34334627251386"
"Saint-Denis";"SAINT-DENIS";"rer";"48,9356434718754,2,34576659546959"
"Pierrefitte Stains";"PIERREFITTE-SUR-SEINE";"rer";"48,9639828896443,2,37203070287077"
"Garges-Sarcelles";"GARGES-LES-GONESSE";"rer";"48,9766919926533,2,39074209467424"
"Villiers-le-Bel (Gonesse - Arnouville)";"VILLIERS-LE-BEL";"rer";"48,9939858421945,2,4161743205019"
"Goussainville";"GOUSSAINVILLE";"rer";"49,0238161242124,2,46306064005559"
"Les Noues";"GOUSSAINVILLE";"rer";"49,0325266153061,2,47663899291035"
"Louvres";"LOUVRES";"rer";"49,0496940401388,2,50173063358009"
"Survilliers-Fosses";"SURVILLIERS";"rer";"49,0995490610493,2,52492009117257"
"Montigny-Beauchamp";"MONTIGNY-LES-CORMEILLES";"rer";"49,0074107086595,2,19836152889137"
"Franconville Plessis-Bouchard";"FRANCONVILLE";"rer";"48,9930795337691,2,23622728325526"
"Cernay";"ERMONT";"rer";"48,98519631056,2,25714690090187"
"Ermont-Eaubonne";"ERMONT";"rer";"48,9801093809417,2,27086200834859"
"Saint-Gratien";"SAINT-GRATIEN";"rer";"48,9642728466699,2,28447617182632"
"Epinay-sur-Seine";"EPINAY-SUR-SEINE";"rer";"48,9540166247468,2,30232160415547"
"Gennevilliers";"GENNEVILLIERS";"rer";"48,9337033359494,2,30725266445824"
"Les Grésillons";"GENNEVILLIERS";"rer";"48,9198290547582,2,31404497186345"
"Saint-Ouen";"SAINT-OUEN";"rer";"48,90537475696,2,32232663005048"
"Porte de Clichy";"PARIS-17EME";"rer";"48,8938877975784,2,31353865290688"
"Avenue Foch";"PARIS-16EME";"rer";"48,8711410165217,2,27568136481883"
"Avenue Henri-Martin";"PARIS-16EME";"rer";"48,8642503417293,2,2721682299897"
"Boulainvilliers";"PARIS-16EME";"rer";"48,8564462183647,2,27486117615881"
"Kennedy Radio-France";"PARIS-16EME";"rer";"48,8532898839901,2,28036033431602"
"Saint-Quentin-en-Yvelines";"MONTIGNY-LE-BRETONNEUX";"rer";"48,7878385717909,2,04539444705514"
"Saint-Cyr";"SAINT-CYR-L'ECOLE";"rer";"48,7988306026324,2,07217539104139"
"Versailles-Chantiers";"VERSAILLES";"rer";"48,7958471068461,2,13672906443361"
"Versailles-Rive Gauche";"VERSAILLES";"rer";"48,8006965288968,2,12914568836645"
"Porchefontaine";"VERSAILLES";"rer";"48,7971775603128,2,15357996928937"
"Viroflay-Rive Gauche";"VIROFLAY";"rer";"48,80030444623,2,1713239115633"
"Chaville-Vélizy";"VELIZY-VILLACOUBLAY";"rer";"48,7998717124963,2,18373328024196"
"Issy";"ISSY-LES-MOULINEAUX";"rer";"48,8194844726972,2,25903592105073"
"Issy-Val de Seine";"ISSY-LES-MOULINEAUX";"rer";"48,8294543773787,2,26306394927342"
"Boulevard Victor";"PARIS-15EME";"rer";"48,8391922011388,2,27023902782848"
"Javel";"PARIS-15EME";"rer";"48,8462016290298,2,27705908629457"
"Champ de Mars-Tour Eiffel";"PARIS-07EME";"rer";"48,855203725918,2,28948345865043"
"Pont de l'alma";"PARIS-07EME";"rer";"48,8624292670432,2,30129356979222"
"Invalides";"PARIS-07EME";"rer";"48,862553752552,2,31398887541138"
"Musée d'Orsay";"PARIS-07EME";"rer";"48,8604389609665,2,32600364230159"
"Saint-Michel Notre-Dame";"PARIS-05EME";"rer";"48,8526938691253,2,34501755059198"
"Gare d'Austerlitz";"PARIS-05EME";"rer";"48,8434678859279,2,36515519982677"
"Bibliotheque-Francois Mitterrand";"PARIS-13EME";"rer";"48,8301539327058,2,37695745754284"
"Ivry-sur-Seine";"IVRY-SUR-SEINE";"rer";"48,8141053560119,2,39110529734107"
"Vitry-sur-Seine";"VITRY-SUR-SEINE";"rer";"48,8009055812707,2,40249301121236"
"Les Ardoines";"VITRY-SUR-SEINE";"rer";"48,782549276508,2,40776062216713"
"Choisy-le-Roi";"CHOISY-LE-ROI";"rer";"48,7658480576844,2,41018529527929"
"Les Saules";"ORLY";"rer";"48,7462807161195,2,41736117498924"
"Orly-Ville";"ORLY";"rer";"48,7415976843552,2,40296897086341"
"Pont de Rungis Aéroport d'Orly";"THIAIS";"rer";"48,7468874306342,2,3700234214812"
"Rungis-La Fraternelle";"RUNGIS";"rer";"48,7400464078855,2,35263805768661"
"Chemin d'Antony";"ANTONY";"rer";"48,746975254882,2,31500559393488"
"Villeneuve-le-Roi";"VILLENEUVE-LE-ROI";"rer";"48,7396458715023,2,42583077737092"
"Ablon";"ABLON-SUR-SEINE";"rer";"48,7251302168064,2,4188773582367"
"Athis-Mons";"ATHIS-MONS";"rer";"48,7126776554544,2,40295280496904"
"Juvisy-sur-Orge";"JUVISY-SUR-ORGE";"rer";"48,6883912859099,2,38224577791058"
"Savigny-sur-Orge";"SAVIGNY-SUR-ORGE";"rer";"48,6762731557018,2,35229345574764"
"Epinay-sur-Orge";"EPINAY-SUR-ORGE";"rer";"48,6692537572223,2,33115446687546"
"Sainte-Geneviève-des-Bois";"SAINTE-GENEVIEVE-DES-BOIS";"rer";"48,6530583634167,2,31430632037408"
"Saint-Michel-sur-Orge";"SAINT-MICHEL-SUR-ORGE";"rer";"48,6361619374727,2,30653569037685"
"Brétigny-sur-Orge";"BRETIGNY-SUR-ORGE";"rer";"48,6063080106455,2,30214800637193"
"La Norville Saint-Germain-lès-Arpajon";"LA NORVILLE";"rer";"48,592322177863,2,2653933947622"
"Arpajon";"ARPAJON";"rer";"48,5860213154474,2,2409453603148"
"Egly";"EGLY";"rer";"48,5822199184161,2,22202520337488"
"Breuillet Bruyères-le-Châtel";"BRUYERES-LE-CHATEL";"rer";"48,5772067559559,2,19196160904812"
"Breuillet-Village";"BREUILLET";"rer";"48,5648012172866,2,17132811424969"
"Saint-Chéron";"SAINT-CHERON";"rer";"48,5510725700006,2,12522613744869"
"Sermaise";"SERMAISE";"rer";"48,5357029412891,2,06892290927284"
"Dourdan";"DOURDAN";"rer";"48,5339062179585,2,00879174246516"
"Marolles-en-Hurepoix";"MAROLLES-EN-HUREPOIX";"rer";"48,5648992871092,2,29062289213326"
"Bouray";"BOURAY-SUR-JUINE";"rer";"48,5335436755582,2,29040725569491"
"Lardy";"LARDY";"rer";"48,5191097438474,2,24924214086924"
"Chamarande";"CHAMARANDE";"rer";"48,5115523926776,2,21261533700407"
"Etréchy";"ETRECHY";"rer";"48,4864942480745,2,19378260126374"
"Etampes";"ETAMPES";"rer";"48,4366415065271,2,15888598887025"
"Saint-Martin d'Etampes";"ETAMPES";"rer";"48,4275036275252,2,14504402426712"
"Péreire";"PARIS-17EME";"rer";"48,8853278442702,2,29787077157827"
"Porte Maillot";"PARIS-17EME";"rer";"48,8778272245836,2,28431210544852"
"Dourdan-la-Forêt";"DOURDAN";"rer";"48,5357702914,1,99407937489137"
"La Borne-Blanche";"ORRY-LA-VILLE";"rer";"49,2236008510486,2,45046260715661"
"Orry-la-Ville Coye";"ORRY-LA-VILLE";"rer";"49,2603032230666,2,42812035322322"
"Antony";"ANTONY";"metro";"48,7547197227554,2,30131372490699"
"Orly-Ouest";"ORLY";"metro";"48,728513469933,2,35872141880901"
"Orly-Sud";"ORLY";"metro";"48,727837315206,2,36795987285204"
"Cergy-Saint-Christophe";"CERGY";"rer";"49,0494168619673,2,0352767846811"
"Cergy-Préfecture";"CERGY";"rer";"49,0361773428599,2,08010158941742"
"Conflans-Fin d'Oise";"CONFLANS-SAINTE-HONORINE";"rer";"48,9909006634736,2,07427729032501"
"Achères-Ville";"ACHERES";"rer";"48,9698610726306,2,07744181297291"
"Saint-Germain-en-Laye";"SAINT-GERMAIN-EN-LAYE";"rer";"48,8983940002723,2,09513896553659"
"Le Vésinet-Le Pecq";"LE VESINET";"rer";"48,8984273174854,2,12186949767266"
"Le Vésinet-Centre";"LE VESINET";"rer";"48,890015499552,2,13479742151308"
"Meudon-Val-Fleury";"MEUDON";"rer";"48,8077151962393,2,24090153678085"
"Petit-Vaux";"EPINAY-SUR-ORGE";"rer";"48,6757077789363,2,33410578733925"
"Gravigny-Balizy";"LONGJUMEAU";"rer";"48,6848386538179,2,31739423038496"
"Chilly-Mazarin";"CHILLY-MAZARIN";"rer";"48,7009261526854,2,30746158948125"
"Longjumeau";"LONGJUMEAU";"rer";"48,7019108361368,2,29423449303795"
"Chantilly-Gouvieux";"CHANTILLY-GOUVIEUX";"rer";"49,3193782334461,2,38922975077281"
"Creil";"CREIL";"rer";"49,4347770523045,2,31393580521829"
"Cergy-Le-Haut";"CERGY";"rer";"49,0483679460322,2,0122203433989"
"Aeroport Charles de Gaulle 2 TGV";"ROISSY-EN-FRANCE";"rer";"49,0039640197221,2,56676571534101"
"Neuville-Université";"NEUVILLE-SUR-OISE";"rer";"49,0142571748611,2,07880346556031"
"Gare de Lyon (Banlieue)";"PARIS-12EME";"rer";"48,844757269576,2,37407229997982"
"Maisons-Alfort Alfortville";"ALFORTVILLE";"rer";"48,8018870135522,2,42733835230595"
"Le Vert de Maisons";"MAISONS-ALFORT";"rer";"48,7884908654609,2,43272881011436"
"Villeneuve-Prairie";"VILLENEUVE-SAINT-GEORGES";"rer";"48,7655609286567,2,43460374582823"
"Villeneuve-Triage";"VILLENEUVE-SAINT-GEORGES";"rer";"48,7463771639989,2,43823744787073"
"Villeneuve-Saint-Georges";"VILLENEUVE-SAINT-GEORGES";"rer";"48,7290319029829,2,44600252415843"
"Vigneux-sur-Seine";"VIGNEUX-SUR-SEINE";"rer";"48,7086528824344,2,41446472037454"
"Viry-Châtillon";"VIRY-CHATILLON";"rer";"48,6759314614252,2,38613040838146"
"Ris-Orangis";"RIS-ORANGIS";"rer";"48,6589362520444,2,41504227823399"
"Grand-Bourg";"RIS-ORANGIS";"rer";"48,648143419212,2,43551019819559"
"Evry Val de Seine";"EVRY";"rer";"48,6343399049456,2,45165006598841"
"Grigny-Centre";"GRIGNY";"rer";"48,6530328660075,2,39536151244896"
"Orangis Bois de l'Epine";"RIS-ORANGIS";"rer";"48,6360190237192,2,40790134222855"
"Evry Courcouronnes";"EVRY";"rer";"48,6254786716794,2,42870117084909"
"Le Bras-de-Fer";"EVRY";"rer";"48,6224755638136,2,45041727512397"
"Corbeil-Essonnes";"CORBEIL-ESSONNES";"rer";"48,6141088478693,2,47397427750696"
"Moulin-Galant";"CORBEIL-ESSONNES";"rer";"48,5862611263416,2,47319668644545"
"Mennecy";"MENNECY";"rer";"48,5711619643669,2,43348234369961"
"Ballancourt";"BALLANCOURT-SUR-ESSONNE";"rer";"48,5319479103424,2,37122847250279"
"La Ferté-Alais";"LA FERTE-ALAIS";"rer";"48,4805483117845,2,35024936039444"
"Boutigny";"BOUTIGNY-SUR-ESSONNE";"rer";"48,4346119341464,2,37666388316892"
"Maisse";"MAISSE";"rer";"48,3922859323458,2,39639494729961"
"Buno-Gironville";"BUNO-BONNEVAUX";"rer";"48,3701275338994,2,38919134599991"
"Boigneville";"BOIGNEVILLE";"rer";"48,3453886991857,2,3801573772106"
"Malesherbes";"MAB";"rer";"48,2885450204449,2,38733217373382"
"Montgeron Crosne";"MONTGERON";"rer";"48,7081180837642,2,4620118226238"
"Yerres";"YERRES";"rer";"48,7063860593518,2,48324802340859"
"Brunoy";"BRUNOY";"rer";"48,6988415459992,2,50595780949976"
"Boussy-Saint-Antoine";"BOUSSY-SAINT-ANTOINE";"rer";"48,6798587915697,2,53431999307748"
"Combs-la-Ville Quincy";"COMBS-LA-VILLE";"rer";"48,6656679208911,2,54860997192434"
"Lieusaint Moissy";"MOISSY-CRAMAYEL";"rer";"48,6286116151422,2,56991243413917"
"Savigny-le-Temple Nandy";"SAVIGNY-LE-TEMPLE";"rer";"48,5967709323717,2,58376983799319"
"Cesson";"CESSON";"rer";"48,5654663366538,2,59391545786497"
"Le Mee";"LE MEE-SUR-SEINE";"rer";"48,5394437585026,2,62426019875957"
"Melun";"MELUN";"rer";"48,5276872942202,2,65510809063792"
"Maisons-Alfort-Stade";"MAISONS-ALFORT";"metro";"48,8084176212199,2,43558220356511"
"Maisons-Alfort-Les Juilliottes";"MAISONS-ALFORT";"metro";"48,8031418697523,2,44499102669377"
"Saint-Denis-Porte de Paris";"SAINT-DENIS";"metro";"48,9296276098426,2,35741016429387"
"Malakoff-Rue Etienne Dolet";"CHATILLON";"metro";"48,8146679725106,2,29699896350216"
"Malakoff-Plateau de Vanves";"CHATILLON";"metro";"48,8231314021504,2,29701508470928"
"Gabriel-Péri";"ASNIERES-SUR-SEINE";"metro";"48,9162335021232,2,29492376422254"
"Igny";"IGNY";"rer";"48,7403954940248,2,23111944614299"
"Bièvres";"BIEVRES";"rer";"48,7515446316017,2,21621280097976"
"Vauboyen";"BIEVRES";"rer";"48,7580522780791,2,19229888130196"
"Jouy-en-Josas";"JOUY-EN-JOSAS";"rer";"48,7649335581513,2,16283053350761"
"Petit-Jouy-les-Loges";"JOUY-EN-JOSAS";"rer";"48,7713269012685,2,14707643683917"
"Ecole Vétérinaire de Maisons-Alfort";"MAISONS-ALFORT";"metro";"48,8151517945858,2,42075635885819"
"PUTEAUX";"PUTEAUX";"tram";"48,883158897771,2,23313695315614"
"MUSEE DE SEVRES";"SEVRES";"tram";"48,8286474193724,2,22529646290944"
"BRIMBORION";"MEUDON";"tram";"48,8218765627808,2,23169462802577"
"MEUDON SUR SEINE";"MEUDON";"tram";"48,8192457222759,2,23996824141064"
"LES MOULINEAUX";"ISSY-LES-MOULINEAUX";"tram";"48,8215464080698,2,2514379265469"
"Stade de France-Saint-Denis";"SAINT-DENIS";"rer";"48,9172647579879,2,35083618614127"
"Pyramides";"PARIS-02EME";"metro";"48,8669463020695,2,33366506577888"
"Cour Saint-Emilion";"PARIS-12EME";"metro";"48,8334843071503,2,38761298844824"
"Saint-Denis-Universite";"SAINT-DENIS";"metro";"48,9456254805762,2,36235875823436"
"Basilique de Saint-Denis";"SAINT-DENIS";"metro";"48,9366033097107,2,35941471750625"
"Bibliotheque-Francois Mitterrand";"PARIS-13EME";"metro";"48,8296059726948,2,3760926116913"
"Haussmann-Saint-Lazare";"PARIS-09EME";"rer";"48,8752166497446,2,32888212144967"
"Magenta";"PARIS-10EME";"rer";"48,8800480493462,2,35798703519401"
"Pantin";"PANTIN";"rer";"48,8976213629302,2,3998476954802"
"Noisy-le-Sec";"NOISY-LE-SEC";"rer";"48,8960560859362,2,45969724280823"
"Bondy";"BONDY";"rer";"48,8946070842178,2,47786275374485"
"Le Raincy Villemomble Montfermeil";"LE RAINCY";"rer";"48,8895492188472,2,51053086209973"
"Gagny";"GAGNY";"rer";"48,8833867214836,2,52645405715397"
"Chelles Gournay";"CHELLES";"rer";"48,8741439902277,2,58273146906461"
"Rosny-Bois-Perrier";"ROSNY-SOUS-BOIS";"rer";"48,8824701700305,2,48135920440669"
"Rosny-sous-Bois";"ROSNY-SOUS-BOIS";"rer";"48,8705298907106,2,48554939150519"
"Nogent Le-Perreux";"NOGENT-SUR-MARNE";"rer";"48,838461378563,2,49354525623519"
"Les Boullereaux Champigny";"CHAMPIGNY-SUR-MARNE";"rer";"48,8247673967045,2,51072291280567"
"Villiers-sur-Marne Plessis-Trévise";"VILLIERS-SUR-MARNE";"rer";"48,8230206978095,2,54102950116216"
"Val d'europe";"SERRIS";"rer";"48,8551968299676,2,77458654031172"
"Pontoise";"PONTOISE";"rer";"49,0468769346525,2,09598793450208"
"Saint-Ouen-l'Aumône";"SAINT-OUEN-L'AUMONE";"rer";"49,0449845704578,2,10697363473217"
"Pierrelaye";"PIERRELAYE";"rer";"49,0194817572672,2,15359629889464"
"La Tour-Maubourg";"PARIS-07EME";"metro";"48,8573850541664,2,30959864479432"
"Cluny-La Sorbonne";"PARIS-05EME";"metro";"48,8510383641319,2,34522158237992"
"Le Chênay Gagny";"GAGNY";"rer";"48,8767639325216,2,5524408586178"
"Telegraphe";"PARIS-20EME";"metro";"48,8753936350794,2,39859006331409"
"Pyrenees";"PARIS-20EME";"metro";"48,8738907818268,2,38488983901602"
"Maraichers";"PARIS-20EME";"metro";"48,852663363325,2,406230720719"
"Saint-Ouen-l'Aumone-Liesse";"SAINT-OUEN-L'AUMONE";"rer";"49,0346887205069,2,12771148252808"
"ISSY-VAL DE SEINE-RER";"ISSY-LES-MOULINEAUX";"tram";"48,8292248779476,2,26256059928596"
"PARC DE SAINT CLOUD";"SAINT-CLOUD";"tram";"48,8431590354795,2,22179291678366"
"LES MILONS";"SAINT-CLOUD";"tram";"48,851381541803,2,22069873299853"
"LES COTEAUX";"SAINT-CLOUD";"tram";"48,8567332361984,2,22035301247059"
"SURESNES-LONGCHAMP";"SURESNES";"tram";"48,867955026064,2,2213971265007"
"BELVEDERE";"SURESNES";"tram";"48,8765333524342,2,22603101382263"
"LA DEFENSE-METRO-RER-GRANDE ARCHE";"PUTEAUX";"tram";"48,8918431997672,2,23622018980375"
"JACQUES HENRI LARTIGUE";"ISSY-LES-MOULINEAUX";"tram";"48,823978424926,2,25919929247673"
"Les Yvris Noisy-le-Grand";"NOISY-LE-GRAND";"rer";"48,8232907157795,2,57922418921218"
"Emerainville Pontault-Combault";"EMERAINVILLE";"rer";"48,8058599881117,2,61763676841652"
"Roissy-en-Brie";"ROISSY-EN-BRIE";"rer";"48,7956240277061,2,6496057950778"
"Ozoir-la-Ferrière";"OZOIR-LA-FERRIERE";"rer";"48,7731890169586,2,68857976881956"
"Gretz-Armainvilliers";"GRETZ-ARMAINVILLIERS";"rer";"48,7448581605589,2,72883501709988"
"Tournan";"TOURNAN-EN-BRIE";"rer";"48,7398240544273,2,75794697449631"
"Essonnes-Robinson";"CORBEIL-ESSONNES";"rer";"48,6060572188934,2,4634754155743"
"Villabé";"VILLABE";"rer";"48,5930969498327,2,4613977962919"
"Le Plessis-Chenet-IBM";"LE COUDRAY-MONTCEAUX";"rer";"48,5731286226492,2,48003032665338"
"Coudray-Montceaux";"LE COUDRAY-MONTCEAUX";"rer";"48,5661814995388,2,49294611051104"
"Saint-Fargeau";"SAINT-FARGEAU-PONTHIERRY";"rer";"48,5646311699118,2,54281012555666"
"Ponthierry Pringy";"SAINT-FARGEAU-PONTHIERRY";"rer";"48,5352245385075,2,54381783021996"
"Boissise-le-Roi";"BOISSISE-LE-ROI";"rer";"48,5298769796674,2,57204400912349"
"Vosves";"DAMMARIE-LES-LYS";"rer";"48,5134373471338,2,61252147614399"
"PONT DU GARIGLIANO (HOPITAL G.POMPIDOU)";"PARIS-15EME";"tram";"48,8383202543145,2,26996784792393"
"BALARD";"PARIS-15EME";"tram";"48,8361404309666,2,27777872474349"
"DESNOUETTES";"PARIS-15EME";"tram";"48,8345162614247,2,28319908062496"
"PORTE DE VERSAILLES (PARC DES EXPOSITIONS)";"PARIS-15EME";"tram";"48,8326847690071,2,28774800639725"
"GEORGES BRASSENS";"PARIS-15EME";"tram";"48,8299463207137,2,29494514588145"
"BRANCION";"PARIS-15EME";"tram";"48,8284026338795,2,30162343442071"
"PORTE DE VANVES";"PARIS-14EME";"tram";"48,8273928337449,2,30630680570689"
"DIDOT";"PARIS-14EME";"tram";"48,8259114255454,2,31301162225622"
"JEAN MOULIN";"PARIS-14EME";"tram";"48,8243847176144,2,31983857598016"
"PORTE D'ORLEANS";"PARIS-14EME";"tram";"48,8230687127808,2,32545367916841"
"MONTSOURIS";"PARIS-14EME";"tram";"48,8214334687954,2,33315099897392"
"CITE UNIVERSITAIRE";"PARIS-14EME";"tram";"48,819883113479,2,34066409832008"
"STADE CHARLETY (PORTE DE GENTILLY)";"PARIS-13EME";"tram";"48,8193975596323,2,34522352962969"
"POTERNE DES PEUPLIERS";"PARIS-13EME";"tram";"48,8207407869995,2,35016441650076"
"PORTE D'ITALIE";"PARIS-13EME";"tram";"48,8189642668788,2,359874869886"
"PORTE DE CHOISY";"PARIS-13EME";"tram";"48,8198126787003,2,36431224556114"
"PORTE D'IVRY";"PARIS-13EME";"tram";"48,8217796450757,2,36966918527181"
"GARE D'AULNAY SOUS BOIS";"AULNAY-SOUS-BOIS";"tram";"48,9321981439021,2,49365082897479"
"ROUGEMONT CHANTELOUP";"SEVRAN";"tram";"48,9313881945088,2,51378072842504"
"GARE DE FREINVILLE SEVRAN";"SEVRAN";"tram";"48,9269049910635,2,51892084771207"
"GARE DE L ABBAYE";"LIVRY-GARGAN";"tram";"48,9223521174142,2,51660015398722"
"LYCEE HENRY SELLIER";"LIVRY-GARGAN";"tram";"48,9177178327741,2,51459322291342"
"GARE DE GARGAN";"LES PAVILLONS-SOUS-BOIS";"tram";"48,9082687655442,2,51705585046174"
"GARE DES PAVILLONS SOUS BOIS";"LES PAVILLONS-SOUS-BOIS";"tram";"48,9019235747827,2,51119931622517"
"GARE D'ALLEE DE LA TOUR RENDEZ VOUS";"VILLEMOMBLE";"tram";"48,8963596543891,2,50555121001663"
"GARE DES COQUETIERS";"VILLEMOMBLE";"tram";"48,8921641141772,2,49797322632302"
"LA REMISE A JORELLE";"BONDY";"tram";"48,8928339506368,2,48741232511646"
"GARE DE BONDY";"BONDY";"tram";"48,8944709373094,2,47899368061608"
"NOISY-LE-SEC RER";"NOISY-LE-SEC";"tram";"48,8953957623375,2,45947078249984"
"PETIT NOISY";"NOISY-LE-SEC";"tram";"48,9001351076272,2,46506408447551"
"PONT DE BONDY";"NOISY-LE-SEC";"tram";"48,9052705227018,2,46983463883534"
"AUGUSTE DELAUNE";"BOBIGNY";"tram";"48,906697097401,2,45943609081747"
"JEAN ROSTAND";"BOBIGNY";"tram";"48,9077721466046,2,45385567981373"
"LIBERATION";"BOBIGNY";"tram";"48,9068470064126,2,4385229269348"
"LA FERME";"BOBIGNY";"tram";"48,9098092734446,2,43730164820609"
"GASTON ROULAUD";"BOBIGNY";"tram";"48,9146950249276,2,43013887159837"
"HOPITAL AVICENNE";"BOBIGNY";"tram";"48,9155343767531,2,42544972866469"
"DRANCY-AVENIR";"BOBIGNY";"tram";"48,9177600874171,2,41703998951527"
"MAURICE LACHATRE";"BOBIGNY";"tram";"48,918786501387,2,41415064134109"
"GASTON ROULAUD";"DRANCY";"tram";"48,9148297236093,2,43027546731115"
"HOPITAL AVICENNE";"DRANCY";"tram";"48,9157588596603,2,42570918845446"
"DRANCY-AVENIR";"DRANCY";"tram";"48,9180116314394,2,41717673950521"
"MAURICE LACHATRE";"DRANCY";"tram";"48,9190560312503,2,41427377022373"
"DANTON";"LA COURNEUVE";"tram";"48,9226375542558,2,40659438088859"
"STADE GEO ANDRE";"LA COURNEUVE";"tram";"48,9245458274414,2,40114856556784"
"HOTEL DE VILLE DE LA COURNEUVE";"LA COURNEUVE";"tram";"48,9272011633846,2,39277087817477"
"COSMONAUTES";"LA COURNEUVE";"tram";"48,9316467716009,2,37764224115598"
"COSMONAUTES";"SAINT-DENIS";"tram";"48,9320153071647,2,37742428959459"
"HOPITAL DELAFONTAINE";"SAINT-DENIS";"tram";"48,9339407100428,2,3702031683557"
"CIMETIERE DE SAINT-DENIS";"SAINT-DENIS";"tram";"48,9361395617069,2,36393651779709"
"MARCHE DE SAINT-DENIS";"SAINT-DENIS";"tram";"48,9385316221225,2,35567090935926"
"THEATRE GERARD PHILIPE";"SAINT-DENIS";"tram";"48,9372427279809,2,35022756739738"
"Olympiades";"PARIS-13EME";"metro";"48,8268582996999,2,36729701204889"
"Dourdan-la Forêt";"DOURDAN";"rer";"48,5357702914,1,99407937489137"
"Les Agnettes";"ASNIERES-SUR-SEINE";"metro";"48,9229162320519,2,28582751788663"
"Asnieres-Gennevilliers Les Courtilles";"ASNIERES-SUR-SEINE";"metro";"48,9301634125573,2,28407447167184"
"Gare d'Austerlitz Grandes Lignes";"PARIS-05EME";"rer";"48,8438094564595,2,36496474913297"
"Carrefour-Pleyel";"SAINT-DENIS";"metro";"48,919455209937,2,34320024908894"
"PORTE DE VERSAILLES-PARC DES EXPOSITIONS";"PARIS-15EME";"tram";"48,8322802217355,2,28749653853884"
"PORTE D'ISSY-ELIANNE JEANNIN-GARREAU";"PARIS-15EME";"tram";"48,8318323796827,2,28086714354536"
"SUZANNE LENGLEN";"PARIS-15EME";"tram";"48,8336141577488,2,27627726552119"
"HENRI FARMAN-PORTE DE SEINE";"PARIS-15EME";"tram";"48,8349693928395,2,27268827144003"
"Acheres Grand Cormier";"ACHERES";"rer";"48,9549572412733,2,09260915344618"
"Pointe du Lac";"CRETEIL";"metro";"48,7679578710506,2,46598982922341"
"Gare de l'Est";"PARIS-10EME";"rer";"48,87683961546,2,35785631056748"
"BOBIGNY - PABLO PICASSO";"BOBIGNY";"tram";"48,906585259732,2,44979711546528"
"HOTEL DE VILLE DE BOBIGNY";"BOBIGNY";"tram";"48,9065326530679,2,44346436139444"
"ESCADRILLE NORMANDIE-NIEMEN";"BOBIGNY";"tram";"48,9132036843636,2,43512660474404"
"LA COURNEUVE - 8 MAI 1945";"LA COURNEUVE";"tram";"48,920649010897,2,41064871071161"
"LA COURNEUVE - SIX ROUTES";"LA COURNEUVE";"tram";"48,930103095549,2,38426298216103"
"BASILIQUE DE SAINT-DENIS";"SAINT-DENIS";"tram";"48,9375958835908,2,36182285037693"
"GARE DE ST-DENIS RER";"SAINT-DENIS";"tram";"48,9359355714889,2,34537787591362"
